"","x"
"dc0ce32f-d5aa-489f-ba4b-e01443815121.FPKM.txt.gz",1
"2b33014e-c7ff-41aa-82bf-3121756639ad.FPKM.txt.gz",1
"397e302e-393e-4f54-b360-fcffe394271e.FPKM.txt.gz",1
"037b5a94-487e-4f5b-90a3-d696eb4a8a3e.FPKM.txt.gz",1
"5e010a9a-7f65-434b-ae4c-43948461187c.FPKM.txt.gz",1
"ae59d924-06ec-428d-b470-e78ed92c5e36.FPKM.txt.gz",1
"2b2b6341-1f6d-4acc-8a67-0ba8ab051ee8.FPKM.txt.gz",1
"87d1452e-8ec6-4c75-a03b-361738c728c0.FPKM.txt.gz",1
"5d420937-4d97-4f04-9ce9-754054261d97.FPKM.txt.gz",1
"c622f68c-e37c-45ee-a266-ae704629f0f6.FPKM.txt.gz",1
"4ed9b51a-78a1-48c7-90bd-8ecd2e5767ad.FPKM.txt.gz",1
"20a96363-a968-445a-bd9a-96b27e403516.FPKM.txt.gz",1
"5f5460db-801d-4d87-ac5c-4b28ab42d8b9.FPKM.txt.gz",1
"314b3b08-27e7-4936-a7d9-2dce4e4d3db7.FPKM.txt.gz",1
"47b14505-ca81-4d39-8eca-0cb773f8934e.FPKM.txt.gz",1
"fddb387d-716e-48ca-9e99-483564c5384b.FPKM.txt.gz",1
"83053f28-d761-4d5a-acd6-855cb22e46e2.FPKM.txt.gz",1
"1b3deeeb-5fde-4154-a57f-bb575ccfb2be.FPKM.txt.gz",1
"eb3fc2fd-468c-42b4-bffe-700011c0a918.FPKM.txt.gz",1
"b0a26c8d-9863-4352-8abe-dde66bdb8e55.FPKM.txt.gz",1
"dc674030-76f0-412d-8491-586a928803fb.FPKM.txt.gz",1
"b30ff193-2e02-443a-9a87-7ab4027bccaf.FPKM.txt.gz",1
"23e87533-2220-4b0d-b3e2-43707cb25858.FPKM.txt.gz",1
"f387829d-a128-4eda-9d8a-10d63bb1ee9c.FPKM.txt.gz",1
"5774022a-7bf2-4fdd-a4a5-f9aa33c2174d.FPKM.txt.gz",1
"18ec943b-2068-467c-82df-07c60f4ed200.FPKM.txt.gz",1
"d20acb1e-7d44-4a0f-9ad4-2cc39c8fb151.FPKM.txt.gz",1
"430d5203-9a93-4e33-94fa-aa4e0970989c.FPKM.txt.gz",1
"e78e2bc9-95d1-4ee7-a42f-c548715ca6f7.FPKM.txt.gz",1
"ac3052a6-d735-4755-9145-80b9f633c838.FPKM.txt.gz",1
"60f8b5a7-a7da-4dd6-88d0-97dbf4c3c269.FPKM.txt.gz",1
"60a2aca4-1635-4343-81cd-9d7f68d3c395.FPKM.txt.gz",1
"55adf423-02a4-425b-b57d-2d804a96320d.FPKM.txt.gz",1
"7ea958f2-f45d-4549-9d45-07c51eebae99.FPKM.txt.gz",1
"cfd41bd1-a69c-470a-be0a-885732277544.FPKM.txt.gz",1
"2c4641bd-928f-4fa2-9931-3351955c2396.FPKM.txt.gz",1
"d38d30c2-78fe-4e5f-a94b-56080bf4371a.FPKM.txt.gz",1
"f0051b3a-479d-4410-ab85-270618818492.FPKM.txt.gz",1
"04c8f4a3-77c8-4085-ae46-ae66ab486c08.FPKM.txt.gz",1
"f5abf3ae-a7bd-4606-bd9a-2633a82eb65c.FPKM.txt.gz",1
"c962af41-67e1-4e18-9d59-cee591ef98f9.FPKM.txt.gz",1
"73912113-540a-41bd-ada5-4f427592dfee.FPKM.txt.gz",1
"430d6c41-8efd-4e14-9876-5901e770f74d.FPKM.txt.gz",1
"f9deb5e8-3a97-4eba-8b67-c71068a1bc93.FPKM.txt.gz",1
"3d936a71-67c1-4173-82a4-12a667bcf3e9.FPKM.txt.gz",1
"1477e0a8-d5fb-4572-8caa-c6f2d1786402.FPKM.txt.gz",1
"8cd200d8-da0a-4176-8665-d527343c7264.FPKM.txt.gz",1
"433237bf-1db2-4d5b-98f8-2e1c5796c65f.FPKM.txt.gz",1
"7b39751b-6e15-416c-b879-42c76270e133.FPKM.txt.gz",1
"69f590a7-8b7d-46e4-9a90-a1a3d59771f9.FPKM.txt.gz",1
"bfcc0178-87a0-481d-b694-eb429fdfbaf4.FPKM.txt.gz",1
"5230a3f7-5cec-4a22-a2d8-600d0f6b0d2f.FPKM.txt.gz",1
"ed610a8d-576a-4f6a-8259-01f9dd48b9d4.FPKM.txt.gz",1
"1a0ba473-dd46-4a74-af37-784643492999.FPKM.txt.gz",1
"fab01c26-ff5b-4db5-bb5f-5b17847ca2b5.FPKM.txt.gz",1
"d14e0a59-4f3a-4d92-9a54-82925bd470aa.FPKM.txt.gz",1
"43b83f4b-dea9-4821-902b-d600fe8c03e7.FPKM.txt.gz",1
"3be615b7-aa41-47c4-852d-a5423cd03188.FPKM.txt.gz",1
"5d6d057e-dd3f-4a85-8bf1-74d5069c7d9d.FPKM.txt.gz",1
"276b725d-0218-4fdd-896e-c727cc7de8e2.FPKM.txt.gz",1
"7fe42315-1c0a-46cd-9b38-c09841337a96.FPKM.txt.gz",1
"7352c749-5f16-4c5d-bab8-740dac7a5c0d.FPKM.txt.gz",1
"b0546d5c-875e-4086-9155-7ac41b92ba52.FPKM.txt.gz",1
"2d0ce6d3-9a09-46ba-9c91-bd4f3764e490.FPKM.txt.gz",1
"6261ea0e-e248-4620-ac4c-b90ffc580938.FPKM.txt.gz",1
"b08b8095-f54b-4649-ae13-cfdac7c7c5f2.FPKM.txt.gz",1
"4938e83e-4ff0-4880-bc31-aa52e3a68ec2.FPKM.txt.gz",1
"79caf319-b6a9-4e02-aede-444242d215d4.FPKM.txt.gz",1
"e24662bd-3b02-4762-b306-75f98b700375.FPKM.txt.gz",1
"944c109e-c6eb-4073-bac9-541585602d59.FPKM.txt.gz",1
"96978a72-9b98-4238-abab-cbf1c41bf5f8.FPKM.txt.gz",1
"9a07164a-711f-460d-a2cb-43651c85bcde.FPKM.txt.gz",1
"b2bd3b9d-2380-47bb-a13d-a4e7a00d6740.FPKM.txt.gz",1
"113872f7-02c9-4a3f-9af6-fd70130c458a.FPKM.txt.gz",1
"9c62a984-f89a-4838-af13-786468b293c1.FPKM.txt.gz",1
"7d6848a5-7dfc-4494-9095-4e89fea1aee5.FPKM.txt.gz",1
"2fa4738b-04ba-4d04-b95a-1f9b08cba802.FPKM.txt.gz",1
"55e976c2-4953-4014-8264-6c703a5eacbc.FPKM.txt.gz",1
"22c44a19-4cbb-4950-acf5-8d23a3fcb0a7.FPKM.txt.gz",1
"971ad289-437b-4c53-8d7c-6b6e9000aab5.FPKM.txt.gz",1
"f7a7853b-6fd7-4b89-b567-3798df13b4fd.FPKM.txt.gz",1
"d4ab2d5f-6980-4974-8f65-5e260bb6fb7d.FPKM.txt.gz",1
"0bf53fc6-b8fb-4e6d-9297-4129c708f3da.FPKM.txt.gz",1
"d6ee768c-7705-468c-bc8a-298c71ce1c8d.FPKM.txt.gz",1
"c1a0244b-d1df-4457-b21d-14006133525a.FPKM.txt.gz",1
"5c7f58e7-f1a5-44e5-a6f5-853c83b84016.FPKM.txt.gz",1
"47caf079-95ad-4c12-b8cf-fb333f72900d.FPKM.txt.gz",1
"c03b9756-2611-404f-ba89-79e7143381bb.FPKM.txt.gz",1
"898379ca-0a5c-4436-95d1-bb50239864ea.FPKM.txt.gz",1
"f64e55d6-0f87-4a4d-a95e-c0b82f7268db.FPKM.txt.gz",1
"d31beca5-e987-4def-906a-63f68ecc5c7a.FPKM.txt.gz",1
"6d158f35-9847-41fd-814e-9bb63cca955f.FPKM.txt.gz",1
"1731040e-8598-4766-b768-505805c0d92b.FPKM.txt.gz",1
"58ce6671-f931-42fc-acb2-fac1ad460a22.FPKM.txt.gz",1
"c28c0258-a9e8-45fa-8f53-6dd36e38e854.FPKM.txt.gz",1
"d23a059b-5f83-4044-9694-94e641d763ed.FPKM.txt.gz",1
"65a21b09-322b-47cf-86bf-88916094c4f7.FPKM.txt.gz",1
"60040f95-8414-4956-bd8a-ec461a49207c.FPKM.txt.gz",1
"cd961e28-af13-4780-a068-35ff5548a3d2.FPKM.txt.gz",1
"96717cca-f561-43ee-8fac-74c9aa43c202.FPKM.txt.gz",1
"c9381f51-ec09-4487-88a4-8e94452e4893.FPKM.txt.gz",1
"bcd07e88-975d-4f4b-9b2e-33ad0f2211f3.FPKM.txt.gz",1
"78a560b2-9ce7-43c9-9d77-dac465e13a0c.FPKM.txt.gz",1
"2ef45476-2bea-4b74-9d97-a33898386d5e.FPKM.txt.gz",1
"9813b5d6-2309-4e67-85c0-1fae01d9672d.FPKM.txt.gz",1
"8f4891e2-55c1-48f4-bdce-c3848f74b8dc.FPKM.txt.gz",1
"a874f8c4-d1f9-4122-b78a-7bc017878fd3.FPKM.txt.gz",1
"54e1ee85-dbfa-499a-9bdd-6935a7661970.FPKM.txt.gz",1
"0b89acda-ea9e-4a21-83f8-e3195f4395e9.FPKM.txt.gz",1
"ec2c4c86-5eaf-4f58-8da7-a9528f9922b9.FPKM.txt.gz",1
"48a39e37-0380-4465-8311-6c5c6aff522a.FPKM.txt.gz",1
"78f79907-8bb5-408e-8bec-4dbe0d81174a.FPKM.txt.gz",1
"cb537a4c-7b5c-493f-8dea-6fd0107e6c58.FPKM.txt.gz",1
"fc867c2d-8e5d-4e2a-80b2-48be873efc56.FPKM.txt.gz",1
"072e3af5-5598-4189-ab06-c5455442f322.FPKM.txt.gz",1
"b7fcdf45-6b26-46e8-aa40-2761354d1251.FPKM.txt.gz",1
"9b77c8a1-a670-4011-82d7-bc4cbab06486.FPKM.txt.gz",1
"513de6b7-faa2-4611-9f68-1334204ef397.FPKM.txt.gz",1
"c71da743-de94-46d0-9ec0-fed1574845b9.FPKM.txt.gz",1
"05582ed0-da34-418a-b96e-fb4505e9ee03.FPKM.txt.gz",1
"b468a0f7-2b37-4988-a179-34870f3ff1fb.FPKM.txt.gz",1
"1da49483-5cea-4652-8357-e8fba5f77268.FPKM.txt.gz",1
"5af9de4f-1220-4e7f-a58e-fd3473418754.FPKM.txt.gz",1
"2fec727f-b73d-4ae0-8b3c-5e85483e39d8.FPKM.txt.gz",1
"2391658d-7cf2-4a09-8dd5-19ea7a37dadf.FPKM.txt.gz",1
"be6f5b47-f164-4947-9b35-02f94248e462.FPKM.txt.gz",1
"708e035d-e38b-4969-a96e-f7c324b3f8a3.FPKM.txt.gz",1
"58f98e52-c594-4bea-bf7d-9f75c09d0917.FPKM.txt.gz",1
"c763a179-e1ba-43a6-b34f-cbe73098e535.FPKM.txt.gz",1
"cfccab4c-4b17-4012-a19b-5141f7a5b68f.FPKM.txt.gz",1
"acec1346-4e7b-4e74-bc33-980e56dfafee.FPKM.txt.gz",1
"36c6972a-3041-478c-a68d-702af9cc4954.FPKM.txt.gz",1
"7d9b1591-42eb-4d02-978e-0a194d498d6c.FPKM.txt.gz",1
"4b539965-2208-4574-8281-6109028eeec3.FPKM.txt.gz",1
"6095b94e-2101-4128-ae51-f0c77daf7811.FPKM.txt.gz",1
"5a7f277a-28b9-403b-959b-51e4b024084b.FPKM.txt.gz",1
"09572b33-5517-462d-9a46-ec3d9b11b59b.FPKM.txt.gz",1
"d0d7fae1-355e-4ada-a469-b69d59c1edfe.FPKM.txt.gz",1
"46a20956-b5c5-4bbd-baad-cfcaaad3b3f5.FPKM.txt.gz",1
"1aeb8b9e-bf79-415d-a8dd-a63c3fbe2bab.FPKM.txt.gz",1
"b92498c2-6e54-4fd0-b752-18932e915381.FPKM.txt.gz",1
"ac6fccd6-d05f-40c7-9afe-82fa33ce919a.FPKM.txt.gz",1
"962e3a62-1076-47d2-9b42-d95503e967be.FPKM.txt.gz",1
"bfd76989-9812-4065-9e07-22a1bc498018.FPKM.txt.gz",1
"d1757d87-4920-473b-8586-24192541cb02.FPKM.txt.gz",1
"cc69ddad-2cd9-4a2c-8f42-56326c61f6de.FPKM.txt.gz",1
"5d259206-1431-48f8-abc3-3001bab5243d.FPKM.txt.gz",1
"f8332a4b-0365-4732-a6b8-a3998872e24c.FPKM.txt.gz",1
"ecc62f3c-7ddb-425d-9c68-e3ce3f5872f0.FPKM.txt.gz",1
"99580e31-0d96-415a-9519-91c493709684.FPKM.txt.gz",1
"96c5f203-2d5b-4519-8a58-0a70934bb3de.FPKM.txt.gz",1
"7dc7ff68-7d6d-4ead-8725-0f643ece6b78.FPKM.txt.gz",1
"7f44e5e1-cea0-4cf9-9a2c-972a3f8d6038.FPKM.txt.gz",1
"ce84840f-f5c3-4e67-baf6-c574cf585169.FPKM.txt.gz",1
"ea440a6e-8009-4fbe-a650-bfdd88f60cd6.FPKM.txt.gz",1
"091be805-db73-4d7c-852a-c13b9923c13a.FPKM.txt.gz",1
"7fd4d7c0-5dd2-4ce8-a1ec-3f0271bf04d2.FPKM.txt.gz",1
"25b2851d-cbfd-4b98-afc0-038e75ae83a3.FPKM.txt.gz",1
"a13a7cfe-e4dd-4d78-83f9-0179332d9efd.FPKM.txt.gz",1
"837e6048-97d1-4180-b385-683e99e9b628.FPKM.txt.gz",1
"6f9413df-3cff-4e32-87a0-b3e891ffa786.FPKM.txt.gz",1
"ae3d90f2-e69b-4711-8e09-368c732cdc23.FPKM.txt.gz",1
"15975c7c-40b7-4782-a4e8-a484f11ac63f.FPKM.txt.gz",1
"840bb854-0669-485e-9d83-c4e1e4f10626.FPKM.txt.gz",1
"2291ce95-0573-4402-8c25-ec5a824212d9.FPKM.txt.gz",1
"153cb1b1-774c-4e65-b209-6a462b68cfc5.FPKM.txt.gz",1
"dc76cdde-f77f-4604-94c4-0b150b9a56b4.FPKM.txt.gz",1
"01c43c5e-8c81-41f0-88f8-94710f5cf1ae.FPKM.txt.gz",1
"9bf66417-4431-4c23-9603-63273db48d39.FPKM.txt.gz",1
"f1966e5e-98bb-438f-92aa-6fff48741313.FPKM.txt.gz",1
"c5ed8e4f-a283-4605-88de-cadcac24d134.FPKM.txt.gz",1
"6d53bf05-58d4-4633-b2da-0dd71d89ee91.FPKM.txt.gz",1
"4cdd597f-ca43-4545-b84e-e5854c8a63c2.FPKM.txt.gz",1
"d751b729-f6cf-4fdf-b55d-f82830f0b26c.FPKM.txt.gz",1
"7c9551e0-06bb-4846-b407-a95931200318.FPKM.txt.gz",1
"99d1feac-dbcb-4f01-8e41-8f6101d06515.FPKM.txt.gz",2
"b375ca9f-6408-496f-83c9-469c74ccc7a2.FPKM.txt.gz",1
"d8454c9a-0054-49b0-adfd-7b4ce451ef77.FPKM.txt.gz",1
"add93641-2f11-4373-a079-b8116e7dd3cc.FPKM.txt.gz",1
"fa0419a3-7d4d-40fe-aceb-3d70965387e3.FPKM.txt.gz",1
"ae32fcc8-a1b7-47c8-b1c5-1e5cdbcf3725.FPKM.txt.gz",1
"8a2863d8-26a3-443e-a36f-5c149de57136.FPKM.txt.gz",1
"eb514a1a-536a-4ce7-ad6b-ec2267452d7a.FPKM.txt.gz",1
"258b03ca-d1a3-4102-a953-476df48c3ae7.FPKM.txt.gz",1
"97f3c6a3-a3b8-4f59-9242-8845fa1c90a8.FPKM.txt.gz",1
"f69a97ec-c6c0-4450-83f1-3280f31ad447.FPKM.txt.gz",1
"394df3ed-9071-4731-8499-d83624d2a7fa.FPKM.txt.gz",1
"e9889edc-cfbf-4213-9629-fde30511bd63.FPKM.txt.gz",1
"29b681e1-b036-4b63-9113-59bb58618c8a.FPKM.txt.gz",1
"43dc7dbc-8b13-48cf-8e06-ed102da87d57.FPKM.txt.gz",1
"97fbdeeb-5066-44c3-93ad-b05917236933.FPKM.txt.gz",1
"1b5c1647-d213-43f4-961c-ef74b269a152.FPKM.txt.gz",1
"245ad8f3-c93e-40ac-8ff0-92e7a5dacc20.FPKM.txt.gz",1
"ae95b302-bd9d-4d3b-a791-2f788bf53d24.FPKM.txt.gz",1
"cea0635c-ac68-4712-937e-56ba8abca332.FPKM.txt.gz",1
"9fc18ac7-7fce-4840-b2c5-5daac7e422cf.FPKM.txt.gz",1
"029d304b-56ee-403e-ad39-0c2ce07d5a09.FPKM.txt.gz",1
"5f02561f-c7c7-4cea-997e-cfdf2ae02128.FPKM.txt.gz",1
"8dda6766-08f1-4f38-944f-30da042d3370.FPKM.txt.gz",1
"0056ef0b-ecb9-443e-a694-1c0797a21e5c.FPKM.txt.gz",1
"0b4a2460-8f70-4f60-85b3-95d0012d38c8.FPKM.txt.gz",1
"01667231-844e-4f98-905c-c0ecafee35b5.FPKM.txt.gz",1
"6b34f95d-8875-4a62-b90e-9cf9d92c8055.FPKM.txt.gz",1
"80af6fa2-c963-4ab7-9965-8b1678f49376.FPKM.txt.gz",1
"ce69433a-55bd-4160-b1fa-85178fe0fce4.FPKM.txt.gz",1
"80980cc8-30b5-4668-a7ea-e3cca5a44e2f.FPKM.txt.gz",1
"44624e0b-ad12-4670-b427-02db7dc87267.FPKM.txt.gz",1
"db126604-3a46-470e-871a-d219267f4f10.FPKM.txt.gz",1
"68ebb9b3-4081-4e5d-8340-551e3d622970.FPKM.txt.gz",1
"4001b986-adbc-4d49-9107-29488ddc6b61.FPKM.txt.gz",1
"83fea6d3-5ae6-48e7-9d09-113dcb39e22b.FPKM.txt.gz",1
"5be2bd1d-24ac-47c5-9e20-33dea602ed65.FPKM.txt.gz",1
"feb99183-103f-4ca1-b61a-b88227826952.FPKM.txt.gz",1
"fdbe22dd-cc5e-465a-9bb4-5336ac42af75.FPKM.txt.gz",1
"b4661ac5-95c7-450e-8797-b2dbe04ad1ee.FPKM.txt.gz",1
"94da98fb-7e9f-4937-bf6b-dd6885258f7c.FPKM.txt.gz",1
"fc435124-0749-4c74-ba94-d59a30953ed2.FPKM.txt.gz",1
"9375a989-fa46-4658-8e39-d086885d6065.FPKM.txt.gz",1
"10e453a6-8c30-456c-9a8a-f1195b6122f4.FPKM.txt.gz",1
"42c07ead-83bf-4277-9691-1a363e2b5b90.FPKM.txt.gz",1
"17112e14-d73c-4cb1-9cba-d0ebbdfea020.FPKM.txt.gz",1
"e0c71365-4f21-4bf8-b861-fb3ec1316ce3.FPKM.txt.gz",1
"67ba85ff-0919-4c9d-ad1e-73b25804c0dc.FPKM.txt.gz",1
"f4a1e772-2a5e-4c0a-803a-1bdb2b376a47.FPKM.txt.gz",1
"c9ad1adf-993c-465b-866c-c5c2c5fa9f06.FPKM.txt.gz",1
"653ffc71-52ca-473e-8ce4-c934932baa8c.FPKM.txt.gz",1
"2b5a102d-0462-4fee-a1f1-21dca1390db0.FPKM.txt.gz",1
"7c1d57e4-ea8b-4634-8b1d-65ef201dda59.FPKM.txt.gz",1
"13cf1657-4a38-4e8b-a3e4-8223ba78c6a5.FPKM.txt.gz",1
"10d6ec12-4039-4262-b16d-1bd671b99a57.FPKM.txt.gz",1
"c60f9638-1b5b-4bd5-90f6-c903b8679f2b.FPKM.txt.gz",1
"b448bfa4-4ce9-457c-8e63-5bee1a31e275.FPKM.txt.gz",3
"d146cc22-0cb0-4adf-b507-95c343419dc1.FPKM.txt.gz",1
"2b72861d-7b1b-4b7b-8b9d-1e2fb596bfc7.FPKM.txt.gz",1
"12b16f45-0e5e-4c24-85b5-fd05a6482fa2.FPKM.txt.gz",1
"778e1365-7b5e-469c-915d-c3be22bec7a8.FPKM.txt.gz",1
"0b0f745e-573f-4ace-9431-6b17c550b878.FPKM.txt.gz",1
"ed82f112-4b2e-416b-89f3-9c408f0f022a.FPKM.txt.gz",1
"39ef3ef1-d868-4c8c-81a1-238451a08f11.FPKM.txt.gz",1
"e3bee637-c8c3-4953-842c-11b16ea1bf73.FPKM.txt.gz",1
"ffb473b7-a5cf-4607-b97c-fc78b4719ccb.FPKM.txt.gz",1
"73820dc9-48b2-4fce-ae5d-ca8e0a5359d9.FPKM.txt.gz",4
"378bba31-bcf1-49a1-b1ff-e14278f7054c.FPKM.txt.gz",1
"222a1182-fa38-46be-88c7-0731ba0a81bb.FPKM.txt.gz",1
"88b3eb4d-02ae-4903-89f5-9ee294ee732e.FPKM.txt.gz",1
"dbebc784-425a-4946-b5e1-cb43c349c398.FPKM.txt.gz",1
"8a705b7c-4607-4ede-9486-cbeb1191004e.FPKM.txt.gz",1
"1ef4c9a4-403e-4ed2-b9d6-06302a842278.FPKM.txt.gz",1
"a8b5d651-3c19-464b-aa1a-9dc46be11044.FPKM.txt.gz",1
"6fdbffc8-dac1-4a98-9912-9084b2ce3f28.FPKM.txt.gz",1
"1af985f0-777b-4283-b8cb-cddb4ac1e7cc.FPKM.txt.gz",1
"1916f968-78bb-4ac4-8ddf-0585132076a9.FPKM.txt.gz",1
"6b14871d-013e-4817-9bca-2fd62a71a0e2.FPKM.txt.gz",1
"0633549b-8522-4be3-85b2-055201621efa.FPKM.txt.gz",1
"8478e2c8-4c90-4e3c-97bc-d201991ad4a6.FPKM.txt.gz",1
"6095fc44-4542-4435-8e6b-dba09b3f7f92.FPKM.txt.gz",1
"fd917385-0e99-45cc-91a2-f6bd48c8019d.FPKM.txt.gz",1
"1d381b27-88c0-4ddd-87cc-31fbb24525c0.FPKM.txt.gz",1
"c584b745-3bff-4591-8460-02eb1a00d214.FPKM.txt.gz",1
"85f00b2b-bee0-4bed-bf31-a344b0fe64a8.FPKM.txt.gz",5
"e01aab1d-cbb8-451d-b9b9-ef67ed495c86.FPKM.txt.gz",1
"c258e44b-44c5-43d7-835e-912049ae12c4.FPKM.txt.gz",1
"c6d03bd4-42cd-445a-9222-7ea265bd103f.FPKM.txt.gz",1
"719e930d-dd49-4e49-97ed-7ce1f253f3cf.FPKM.txt.gz",1
"2ec6297f-091b-4744-aaf7-83f86396192f.FPKM.txt.gz",1
"6ad85b23-1f2d-411e-b65e-fefa28732508.FPKM.txt.gz",1
"173d8cb8-d151-4766-b61c-7ecdf8af56ca.FPKM.txt.gz",1
"ae42d69a-f6a4-4d03-9f4a-869b71fef8f8.FPKM.txt.gz",1
"a6801749-f1cc-4824-8be9-c86df987b768.FPKM.txt.gz",1
"51221b71-eaee-41f0-849f-98ef800ad010.FPKM.txt.gz",1
"2c9d9875-4237-410c-afc2-15d06a034d20.FPKM.txt.gz",1
"7975e611-5e6d-444e-a773-5e131734a1ec.FPKM.txt.gz",1
"514bf089-668d-46fe-934d-8538e0d88366.FPKM.txt.gz",1
"2029581a-86cd-4ea2-82d4-0e085ae1f8f9.FPKM.txt.gz",1
"feb82116-b8c0-41e6-9afd-43cc6f6c0d62.FPKM.txt.gz",1
"911f9fce-80fe-4d73-b886-5a51389f181d.FPKM.txt.gz",1
"0c37e843-b21b-4d00-b91d-c9d7865200c2.FPKM.txt.gz",1
"69ad4bfb-b94a-4b72-986b-d6a73febd362.FPKM.txt.gz",1
"ac32a9f2-e148-4e70-899e-78b8ae563839.FPKM.txt.gz",1
"b2192c25-6689-497e-ae44-49fc4fc80e97.FPKM.txt.gz",1
"d5a54e1d-02d7-4cee-b6b1-e0a616cc322d.FPKM.txt.gz",1
"5b917d60-5201-4def-839a-a92f15d9068d.FPKM.txt.gz",1
"6476b6b8-7e7e-44ac-9869-c93b654458a5.FPKM.txt.gz",1
"fa3d075d-a2fd-4842-a724-fdce90fd8eb7.FPKM.txt.gz",1
"15d9df59-6840-4f24-81f2-008e43af911b.FPKM.txt.gz",1
"9e7f3ce2-b4d2-4086-bb9f-3c6099c82837.FPKM.txt.gz",1
"592b3724-0836-41e9-b4d0-1bce729e7a1f.FPKM.txt.gz",1
"2ce7edaf-0a05-444a-ba19-a26ee1b74513.FPKM.txt.gz",1
"86640b11-93b3-4f4e-89a7-1a1fdc9a414b.FPKM.txt.gz",1
"f204f6b8-03fb-4464-922d-de9fffeff9d5.FPKM.txt.gz",1
"7af5a442-83c8-426b-ba0f-a56783fbc5f2.FPKM.txt.gz",1
"a22817b9-da0e-45cd-ba5d-3eb790e273cb.FPKM.txt.gz",1
"aa5ba703-5bc5-4536-98cd-ab31520d29d7.FPKM.txt.gz",1
"206537cc-dc94-4722-b6d2-1e5fd6588078.FPKM.txt.gz",1
"ac4cd473-92f1-43ae-b9ef-2239755ef6a7.FPKM.txt.gz",1
"dd5a0067-d77e-40e7-a42f-064d7cfab3d6.FPKM.txt.gz",1
"cfffb137-1ebf-4c5b-9f38-ac28c191c132.FPKM.txt.gz",1
"20c6123b-33b6-46a7-8625-482e4594c032.FPKM.txt.gz",1
"74a288d5-7bb7-414b-b422-f9a4548a8433.FPKM.txt.gz",1
"b7f4d8a5-5d3b-4995-9ff4-a3298ca82f0e.FPKM.txt.gz",1
"d5fd50e4-2068-4cfc-9b04-3976f9fd7940.FPKM.txt.gz",1
"95167b79-f563-461e-81dd-a7143cfafe0d.FPKM.txt.gz",1
"f69d848c-f9cb-4871-9c25-35c43cbbf4e6.FPKM.txt.gz",1
"9447e559-9df9-4517-9f1e-7b280cc4293b.FPKM.txt.gz",1
"b600c271-e77b-4752-af07-08dd817ea601.FPKM.txt.gz",1
"3743ccc7-6c5f-459c-bd5d-e3c03d19e538.FPKM.txt.gz",1
"8ff70f54-8735-40b1-a556-b96e8889cc0f.FPKM.txt.gz",1
"be066ad3-e17c-4adc-9f4b-4d5c33d4dfad.FPKM.txt.gz",1
"2525f105-0ebf-461c-a69c-03bf8ef1e42f.FPKM.txt.gz",1
"156e6312-4cfa-486c-8730-7881580fbc1a.FPKM.txt.gz",1
"1888b928-30dc-4b5c-b0aa-7a1e9e34f753.FPKM.txt.gz",1
"631f56be-6fde-4e67-8ce1-83f01325d489.FPKM.txt.gz",1
"0d6ef3a0-0ac4-4898-a438-34bbbfde6341.FPKM.txt.gz",1
"085bdf94-a24f-4511-8d3f-d0c91f7e6947.FPKM.txt.gz",1
"40ba876d-2ee4-46f9-af5c-c7afbefb9e51.FPKM.txt.gz",1
"031c7bbf-4088-400e-9ff9-036417c0091a.FPKM.txt.gz",1
"2891f45a-b4b0-438b-92a6-494fefea1efe.FPKM.txt.gz",1
"20870a8f-9d0a-41a0-90b6-f0f51a03e3e5.FPKM.txt.gz",1
"42434e75-893e-4a9a-9008-6a3c2ea6dc7d.FPKM.txt.gz",1
"042d7a67-32a0-4dac-8ecd-02f6984a7b74.FPKM.txt.gz",1
"f1af55bb-21e4-473b-ad35-906fdc6a7cf5.FPKM.txt.gz",1
"03d6e124-5927-4573-a041-a1d8e109fa1c.FPKM.txt.gz",1
"6821cf1e-ae8a-472d-8b55-92eca84abab5.FPKM.txt.gz",1
"4da5c413-9533-426a-9f39-7bad328a95b7.FPKM.txt.gz",1
"5fedbbb9-10a8-4f18-a1e8-30b3d6164083.FPKM.txt.gz",1
"4fb80022-8f80-4992-b1aa-0f678c941878.FPKM.txt.gz",1
"42f7a87d-594e-4f38-92d7-1b56f3ff11b9.FPKM.txt.gz",1
"2d683c1f-3a48-4bb8-84f9-bad6347c008b.FPKM.txt.gz",1
"8c593c14-319f-4268-92c1-46019e543502.FPKM.txt.gz",1
"82d6c231-8692-460d-bbca-e24237b82b47.FPKM.txt.gz",6
"b2ca49c5-527d-43e0-8280-6fe8ff7b3738.FPKM.txt.gz",1
"3fbe693e-0d6c-4866-8b4d-2e9738c93e8d.FPKM.txt.gz",1
"7f147a1b-4ca6-481b-a79d-be653bbff528.FPKM.txt.gz",1
"12d1e7fb-44bc-4007-820d-a85c41d019df.FPKM.txt.gz",1
"057c6a18-e5f2-4eba-9c20-c483c5a67cc3.FPKM.txt.gz",1
"c9fe38e3-9f2e-4bfb-86e8-a43943985672.FPKM.txt.gz",1
"7c5f96bd-441c-4467-8700-dc5224e682bb.FPKM.txt.gz",1
"d3771f3a-ebc8-4ed6-97f9-6d6003d8470a.FPKM.txt.gz",1
"fadfa0b7-8543-4ca3-8c26-9114e71caaeb.FPKM.txt.gz",1
"bbc51e77-8f08-4815-9006-ee7ca1aaf112.FPKM.txt.gz",1
"0063c2da-4f47-4974-afea-03b4cdb21e33.FPKM.txt.gz",1
"1742f583-99dd-46ba-9df2-b47d9cb1c3f9.FPKM.txt.gz",1
"bc5be208-5934-40dd-81df-567599ea2a51.FPKM.txt.gz",1
"b5b0644d-9eb9-44aa-a5a1-39e9630ad156.FPKM.txt.gz",1
"1d1a63f0-860d-451c-a7f1-b6e15d253dba.FPKM.txt.gz",1
"2133df71-b9a1-4b99-8eb7-0b7f9a1b5cc2.FPKM.txt.gz",1
"2bdd8011-dd68-4077-9354-eae6431b44b6.FPKM.txt.gz",1
"b13f356a-71cb-41d0-a53d-51553db8987f.FPKM.txt.gz",1
"5b1d889e-c40d-4f58-a4b3-9e9eb0835e86.FPKM.txt.gz",1
"0358446c-e52e-4524-8f42-9fc427e144d1.FPKM.txt.gz",1
"e897fe45-26b8-468a-84fd-e1ad54f840e3.FPKM.txt.gz",1
"8714911e-19cb-47ab-bcdd-28d7e37c4a13.FPKM.txt.gz",1
"b01ddd22-5864-4e4a-a463-62831421fe99.FPKM.txt.gz",7
"5061303f-9743-4495-a9ea-a5c579992525.FPKM.txt.gz",1
"e77ea9a5-0b4f-466a-86b3-378d756dea57.FPKM.txt.gz",1
"170b32d9-17b0-4bbe-85d8-89b5fc8b5bb1.FPKM.txt.gz",1
"fe819208-ff01-49e0-a04a-5fb467351305.FPKM.txt.gz",1
"3fbc019c-2a61-48f6-9c6d-00823297ae53.FPKM.txt.gz",1
"33ccace3-8a24-44e8-a101-15bd1e8467fe.FPKM.txt.gz",1
"69918dce-8729-48a2-8294-a8b6b72c02e7.FPKM.txt.gz",1
"b9e1ccfb-5124-4f8a-8f6e-8ecfeaa54e9e.FPKM.txt.gz",1
"2b856cba-b1b2-4d22-aed7-c5b8ab35415a.FPKM.txt.gz",1
"3880c844-453a-47f0-a046-922baa28a07a.FPKM.txt.gz",1
"a12ff0ad-8580-4cec-9e63-1175335f0316.FPKM.txt.gz",1
"7972a299-f3bb-43a5-b75f-a1cf3c998bc5.FPKM.txt.gz",1
"c27a0a56-cde3-4e53-b02d-8a2ca66b5d1d.FPKM.txt.gz",1
"05ec8eb6-0940-49e0-ab1e-8ec6cd850bb9.FPKM.txt.gz",1
"7ff71ff2-38d3-46b3-b2a3-105377beb504.FPKM.txt.gz",1
"fefd7990-acb5-4d6b-9bfa-b1a474e368d7.FPKM.txt.gz",1
"175f6491-e372-44ee-9108-3228812e2f1c.FPKM.txt.gz",1
"6bc9fb91-4915-4afc-b685-80ce6d6d6650.FPKM.txt.gz",1
"d39a7d6b-a424-483a-abb6-cb11ec9a263f.FPKM.txt.gz",1
"8377d811-2636-4a75-be84-8e201ca646c1.FPKM.txt.gz",1
"52cf2038-62b5-4c57-b5b5-3f06c48a5f26.FPKM.txt.gz",1
"c4087638-cda2-4686-96b4-59b377ddb18d.FPKM.txt.gz",1
"fde67178-6278-4872-a2c4-cfa32f71fdbe.FPKM.txt.gz",1
"d011c9fc-3598-4f0b-b059-85d63de31a9f.FPKM.txt.gz",1
"959e98c8-c279-4178-acc2-0bb0c42ed5c2.FPKM.txt.gz",1
"755f981f-f957-48ec-9779-cf9887e19ab0.FPKM.txt.gz",1
"780ab54f-9100-447b-ba9e-75480e7be3d9.FPKM.txt.gz",1
"6e98ba8f-e00d-470c-832f-adc3dc6956a6.FPKM.txt.gz",1
"f9ea29ab-6953-4646-b367-cff2483b9f46.FPKM.txt.gz",1
"df692bf8-d523-4528-aa0c-a0549373adee.FPKM.txt.gz",1
"b0937926-a768-41bd-80bc-68d4e5743f8c.FPKM.txt.gz",1
"b1f9bae8-7483-41ba-aab7-7a051850df23.FPKM.txt.gz",1
"3c050f49-77a0-4055-8c9b-5c0e06a075d0.FPKM.txt.gz",1
"524d2e99-0526-426f-873d-ea65e27b18a0.FPKM.txt.gz",1
"485f059b-e143-40b6-b4d2-96bb7497558f.FPKM.txt.gz",1
"8dcf8486-6c13-4623-90c9-2c9f65f58fc8.FPKM.txt.gz",1
"2c1e38c7-ff65-4dee-bcba-0a97dd82a22f.FPKM.txt.gz",1
"be244b42-fd11-4788-9a3e-60be97747994.FPKM.txt.gz",1
"3799992f-2a2b-4a7b-8c21-f493764f4ce8.FPKM.txt.gz",1
"6363e940-3a9d-49f3-adb0-e084be80d95d.FPKM.txt.gz",1
"e4d01f10-116a-4936-a24b-dda4e6c53397.FPKM.txt.gz",1
"c1d1a2ba-9cb6-4428-8025-d1e41feeeb0d.FPKM.txt.gz",1
"3107533c-054e-463c-b2bc-73ba71ed133a.FPKM.txt.gz",1
"0933e6f7-e2ac-4dc0-b34e-4a45109a28b7.FPKM.txt.gz",1
"508976fe-e7a9-4743-a098-2fb0cbe32f8d.FPKM.txt.gz",1
"90af0faf-3e8c-4741-bf49-f87a5b21d54c.FPKM.txt.gz",1
"3b1e8e56-f2a3-4a3f-8f99-ba8a8f33152c.FPKM.txt.gz",1
"26918c74-1269-4f63-a871-57855b4aa846.FPKM.txt.gz",1
"ef6e0187-ca29-4c32-9731-4f9a6b51ff80.FPKM.txt.gz",1
"c8fb3217-2cc9-47c0-84b6-b666c07624e6.FPKM.txt.gz",1
"68acaa5e-6a27-499f-925d-710af9d30710.FPKM.txt.gz",1
"ce786209-c77d-47e0-95a6-20c036bed8b3.FPKM.txt.gz",1
"cf792f7f-a3ee-4544-b029-8c4e4da4f973.FPKM.txt.gz",8
"85ac083c-dbb9-4541-8b75-d73ab216f54c.FPKM.txt.gz",1
"b1558748-bec9-4bea-a35b-040ca9a1f4cd.FPKM.txt.gz",1
